,id,distance_cm_inside,distance_cm_outside,device_code,measured_at,errors,minute,second,millisecond,inside_smooth,outside_smooth,inside_smooth_classification,outside_smooth_classification,state_inside_sensor,state_outside_sensor,state
0,1,196,197,F0:08:D1:D0:7B:84,67000,0,1,7,0,195.8544721407625,196.05425219941358,Nada,Nada,0,0,0
1,2,196,195,F0:08:D1:D0:7B:84,67000,0,1,7,0,195.92309384164227,196.017595307918,Nada,Nada,0,0,0
2,3,196,198,F0:08:D1:D0:7B:84,67000,0,1,7,0,195.98940236626558,195.98569117200938,Nada,Nada,0,0,0
3,4,196,195,F0:08:D1:D0:7B:84,67000,0,1,7,0,196.05339771463244,195.9585397916878,Nada,Nada,0,0,0
4,5,196,195,F0:08:D1:D0:7B:84,67000,0,1,7,0,196.11507988674288,195.93614116695323,Nada,Nada,0,0,0
5,6,196,197,F0:08:D1:D0:7B:84,67000,0,1,7,0,196.17444888259683,195.9184952978057,Nada,Nada,0,0,0
6,7,196,195,F0:08:D1:D0:7B:84,67000,0,1,7,0,196.23150470219437,195.90560218424517,Nada,Nada,0,0,0
7,8,196,195,F0:08:D1:D0:7B:84,67000,0,1,7,0,196.28624734553546,195.89746182627167,Nada,Nada,0,0,0
8,9,196,195,F0:08:D1:D0:7B:84,67000,0,1,7,0,196.3386768126201,195.89407422388516,Nada,Nada,0,0,0
9,10,196,196,F0:08:D1:D0:7B:84,67000,0,1,7,0,196.38879310344828,195.8954393770857,Nada,Nada,0,0,0
10,11,198,196,F0:08:D1:D0:7B:84,67000,0,1,7,0,196.43659621802001,195.90155728587322,Nada,Nada,0,0,0
11,12,197,196,F0:08:D1:D0:7B:84,67000,0,1,7,0,196.4820861563353,195.91242795024777,Nada,Nada,0,0,0
12,13,198,196,F0:08:D1:D0:7B:84,67000,0,1,7,0,196.52526291839416,195.92805137020935,Nada,Nada,0,0,0
13,14,196,196,F0:08:D1:D0:7B:84,67000,0,1,7,0,196.56612650419657,195.9484275457579,Nada,Nada,0,0,0
14,15,196,197,F0:08:D1:D0:7B:84,67000,0,1,7,0,196.6046769137425,195.97355647689352,Nada,Nada,0,0,0
15,16,196,196,F0:08:D1:D0:7B:84,67000,0,1,7,0,196.64091414702753,196.00343816361163,Nada,Nada,0,0,0
16,17,196,196,F0:08:D1:D0:7B:84,67000,0,1,7,0,196.72029527757664,196.13803215693756,Nada,Nada,0,0,0
17,18,196,196,F0:08:D1:D0:7B:84,67000,0,1,7,0,196.78248559004504,196.04661745373198,Nada,Nada,0,0,0
18,19,196,197,F0:08:D1:D0:7B:84,68000,0,1,8,0,196.82748508443274,196.2708059459961,Nada,Nada,0,0,0
19,20,197,196,F0:08:D1:D0:7B:84,68000,0,1,8,0,196.81423804226466,196.3490747294929,Nada,Nada,0,0,0
20,21,198,197,F0:08:D1:D0:7B:84,68000,0,1,8,0,196.83951865708923,196.40357973505465,Nada,Nada,0,0,0
21,22,198,196,F0:08:D1:D0:7B:84,68000,0,1,8,0,196.8465972292401,196.46465770047075,Nada,Nada,0,0,0
22,23,196,196,F0:08:D1:D0:7B:84,68000,0,1,8,0,196.83547375871728,196.5312974011483,Nada,Nada,0,0,0
23,24,196,196,F0:08:D1:D0:7B:84,68000,0,1,8,0,196.80614824552083,196.5300839316367,Nada,Nada,0,0,0
24,25,196,196,F0:08:D1:D0:7B:84,68000,0,1,8,0,196.75862068965066,196.55678026089143,Nada,Nada,0,0,0
25,26,198,196,F0:08:D1:D0:7B:84,68000,0,1,8,0,196.69289109110682,196.48720800889427,Nada,Nada,0,0,0
26,27,198,199,F0:08:D1:D0:7B:84,68000,0,1,8,0,196.7224188492219,196.5706340378153,Nada,Nada,0,0,0
27,28,198,196,F0:08:D1:D0:7B:84,68000,0,1,8,0,196.7103852765654,196.63686924865561,Nada,Nada,0,0,0
28,29,196,196,F0:08:D1:D0:7B:84,68000,0,1,8,0,196.75558701587173,196.64485792294016,Nada,Nada,0,0,0
29,30,196,196,F0:08:D1:D0:7B:84,68000,0,1,8,0,196.70553139851907,196.6092628172672,Nada,Nada,0,0,0
30,31,197,198,F0:08:D1:D0:7B:84,68000,0,1,8,0,196.6423298614577,196.64152088178332,Nada,Nada,0,0,0
31,32,196,196,F0:08:D1:D0:7B:84,68000,0,1,8,0,196.48387096773743,196.64283547375422,Nada,Nada,0,0,0
32,33,196,199,F0:08:D1:D0:7B:84,68000,0,1,8,0,196.42370310445497,196.77540701789417,Nada,Nada,0,0,0
33,34,196,196,F0:08:D1:D0:7B:84,68000,0,1,8,0,196.30731115380274,196.8290019213222,Nada,Nada,0,0,0
34,35,197,196,F0:08:D1:D0:7B:84,68000,0,1,8,0,196.2314693093291,196.8349681464208,Nada,Nada,0,0,0
35,36,196,196,F0:08:D1:D0:7B:84,69000,0,1,9,0,196.196177571034,196.89007988673833,Nada,Nada,0,0,0
36,37,196,198,F0:08:D1:D0:7B:84,69000,0,1,9,0,196.21812114470174,196.85549600565835,Nada,Nada,0,0,0
37,38,196,196,F0:08:D1:D0:7B:84,69000,0,1,9,0,196.25826676104313,196.9247648902776,Nada,Nada,0,0,0
38,39,196,197,F0:08:D1:D0:7B:84,69000,0,1,9,0,196.20517746991158,196.9687531600723,Nada,Nada,0,0,0
39,40,196,196,F0:08:D1:D0:7B:84,69000,0,1,9,0,196.05885327130704,196.90534937809235,Nada,Nada,0,0,0
40,41,196,199,F0:08:D1:D0:7B:84,69000,0,1,9,0,196.01284255232636,196.92810193143447,Nada,Nada,0,0,0
41,42,196,196,F0:08:D1:D0:7B:84,69000,0,1,9,0,196.0671453129695,196.92355142076605,Nada,Nada,0,0,0
42,43,196,196,F0:08:D1:D0:7B:84,69000,0,1,9,0,196.14167256547228,197.10294266356104,Nada,Nada,0,0,0
43,44,196,197,F0:08:D1:D0:7B:84,69000,0,1,9,0,196.23844675902066,197.07917888562596,Nada,Nada,0,0,0
44,45,196,198,F0:08:D1:D0:7B:84,73000,0,1,13,0,196.24603094346804,196.95004550510217,Nada,Nada,0,0,0
45,46,196,198,F0:08:D1:D0:7B:84,73000,0,1,13,0,196.24653655576452,196.90909090908642,Nada,Nada,0,0,0
46,47,198,198,F0:08:D1:D0:7B:84,73000,0,1,13,0,196.25563757710137,196.95631509757862,Nada,Nada,0,0,0
47,48,196,195,F0:08:D1:D0:7B:84,73000,0,1,13,0,196.2322782890035,196.8981696834822,Nada,Nada,0,0,0
48,49,197,196,F0:08:D1:D0:7B:84,73000,0,1,13,0,196.25755890382803,196.986955202746,Nada,Nada,0,0,0
49,50,196,198,F0:08:D1:D0:7B:84,73000,0,1,13,0,196.23369400343364,196.93234907472495,Nada,Nada,0,0,0
50,51,196,196,F0:08:D1:D0:7B:84,73000,0,1,13,0,196.27313176255998,196.8575184548443,Nada,Nada,0,0,0
51,52,196,199,F0:08:D1:D0:7B:84,73000,0,1,13,0,196.31914248154064,196.7214076246289,Nada,Nada,0,0,0
52,53,196,196,F0:08:D1:D0:7B:84,73000,0,1,13,0,196.35605217918447,196.61108302153457,Nada,Nada,0,0,0
53,54,196,196,F0:08:D1:D0:7B:84,73000,0,1,13,0,196.3838608554915,196.56658913944335,Nada,Nada,0,0,0
54,55,198,198,F0:08:D1:D0:7B:84,73000,0,1,13,0,196.40256851046166,196.55657801597283,Nada,Nada,0,0,0
55,56,196,196,F0:08:D1:D0:7B:84,73000,0,1,13,0,196.412175144095,196.4021640206245,Nada,Nada,0,0,0
56,57,196,196,F0:08:D1:D0:7B:84,73000,0,1,13,0,196.3716250379164,196.50814035796898,Nada,Nada,0,0,0
57,58,196,195,F0:08:D1:D0:7B:84,73000,0,1,13,0,196.33663666699923,196.3886136110785,Nada,Nada,0,0,0
58,59,196,196,F0:08:D1:D0:7B:84,73000,0,1,13,0,196.34725452522554,196.27818788552486,Nada,Nada,0,0,0
59,60,196,198,F0:08:D1:D0:7B:84,73000,0,1,13,0,196.34674891292906,196.31368186873854,Nada,Nada,0,0,0
60,61,196,196,F0:08:D1:D0:7B:84,74000,0,1,14,0,196.2940641116347,196.39832136717115,Nada,Nada,0,0,0
61,62,197,196,F0:08:D1:D0:7B:84,74000,0,1,14,0,196.28597431489084,196.4109616745834,Nada,Nada,0,0,0
62,63,197,196,F0:08:D1:D0:7B:84,74000,0,1,14,0,196.33815350388872,196.5471736272581,Nada,Nada,0,0,0
63,64,196,196,F0:08:D1:D0:7B:84,74000,0,1,14,0,196.35382748507993,196.48427545757463,Nada,Nada,0,0,0
64,65,197,196,F0:08:D1:D0:7B:84,74000,0,1,14,0,196.3329962584645,196.49792698957987,Nada,Nada,0,0,0
65,66,197,196,F0:08:D1:D0:7B:84,74000,0,1,14,0,196.3724340175908,196.6038022044651,Nada,Nada,0,0,0
66,67,196,197,F0:08:D1:D0:7B:84,74000,0,1,14,0,196.39973708160133,196.60835271513352,Nada,Nada,0,0,0
67,68,196,199,F0:08:D1:D0:7B:84,74000,0,1,14,0,196.41490545049606,196.76387905753415,Nada,Nada,0,0,0
68,69,196,196,F0:08:D1:D0:7B:84,74000,0,1,14,0,196.417939124275,196.78005865102187,Nada,Nada,0,0,0
69,70,196,196,F0:08:D1:D0:7B:84,74000,0,1,14,0,196.36778238446308,196.7390029325468,Nada,Nada,0,0,0
70,71,196,198,F0:08:D1:D0:7B:84,74000,0,1,14,0,196.4746688239413,196.85094549498993,Nada,Nada,0,0,0
71,72,197,196,F0:08:D1:D0:7B:84,74000,0,1,14,0,196.44726463747148,196.783496814638,Nada,Nada,0,0,0
72,73,197,198,F0:08:D1:D0:7B:84,74000,0,1,14,0,196.46445545555218,196.812316715538,Nada,Nada,0,0,0
73,74,196,198,F0:08:D1:D0:7B:84,74000,0,1,14,0,196.46951157851709,196.76721609869102,Nada,Nada,0,0,0
74,75,196,196,F0:08:D1:D0:7B:84,74000,0,1,14,0,196.42137728789112,196.74496915764541,Nada,Nada,0,0,0
75,76,197,196,F0:08:D1:D0:7B:84,74000,0,1,14,0,196.41682677722272,196.8179795732587,Nada,Nada,0,0,0
76,77,196,198,F0:08:D1:D0:7B:84,74000,0,1,14,0,196.35807462837045,196.7516432399591,Nada,Nada,0,0,0
77,78,197,196,F0:08:D1:D0:7B:84,75000,0,1,15,0,196.35756901607397,196.72484578824506,Nada,Nada,0,0,0
78,79,196,197,F0:08:D1:D0:7B:84,75000,0,1,15,0,196.41530994033326,196.68085751845032,Nada,Nada,0,0,0
79,80,198,196,F0:08:D1:D0:7B:84,75000,0,1,15,0,196.41884922640867,196.6196784305749,Nada,Nada,0,0,0
80,81,196,196,F0:08:D1:D0:7B:84,75000,0,1,15,0,196.46597229244165,196.5413085246188,Nada,Nada,0,0,0
81,82,196,196,F0:08:D1:D0:7B:84,75000,0,1,15,0,196.47557892607495,196.445747800582,Nada,Nada,0,0,0
82,83,196,196,F0:08:D1:D0:7B:84,75000,0,1,15,0,196.48872484578374,196.3897259581308,Nada,Nada,0,0,0
83,84,196,196,F0:08:D1:D0:7B:84,75000,0,1,15,0,196.48973607037672,196.44665790271569,Nada,Nada,0,0,0
84,85,197,197,F0:08:D1:D0:7B:84,75000,0,1,15,0,196.47861259985393,196.36727677216658,Nada,Nada,0,0,0
85,86,196,196,F0:08:D1:D0:7B:84,75000,0,1,15,0,196.41429871574027,196.27474972190873,Nada,Nada,0,0,0
86,87,197,198,F0:08:D1:D0:7B:84,75000,0,1,15,0,196.39356861158413,196.2825361512747,Nada,Nada,0,0,0
87,88,196,196,F0:08:D1:D0:7B:84,75000,0,1,15,0,196.41642228738553,196.19708767316772,Nada,Nada,0,0,0
88,89,196,196,F0:08:D1:D0:7B:84,75000,0,1,15,0,196.4017595307873,196.21397512387048,Nada,Nada,0,0,0
89,90,197,196,F0:08:D1:D0:7B:84,75000,0,1,15,0,196.39063606026448,196.25310951561892,Nada,Nada,0,0,0
90,91,196,196,F0:08:D1:D0:7B:84,75000,0,1,15,0,196.3673778946259,196.20305389826632,Nada,Nada,0,0,0
91,92,197,197,F0:08:D1:D0:7B:84,75000,0,1,15,0,196.38871473353782,196.14591970876282,Nada,Nada,0,0,0
92,93,197,196,F0:08:D1:D0:7B:84,75000,0,1,15,0,196.35787238345188,196.19516634644106,Nada,Nada,0,0,0
93,94,196,196,F0:08:D1:D0:7B:84,75000,0,1,15,0,196.37263626250942,196.1572454242042,Nada,Nada,0,0,0
94,95,196,196,F0:08:D1:D0:7B:84,76000,0,1,16,0,196.33623217716203,196.08888664171863,Nada,Nada,0,0,0
95,96,196,196,F0:08:D1:D0:7B:84,76000,0,1,16,0,196.40317524521745,196.08686419253266,Nada,Nada,0,0,0
96,97,197,196,F0:08:D1:D0:7B:84,76000,0,1,16,0,196.2978056426287,196.0787743957888,Nada,Nada,0,0,0
97,98,196,196,F0:08:D1:D0:7B:84,76000,0,1,16,0,196.29578319344276,196.06461725148705,Nada,Nada,0,0,0
98,99,196,196,F0:08:D1:D0:7B:84,76000,0,1,16,0,196.28364849832695,196.00333704115235,Nada,Nada,0,0,0
99,100,196,196,F0:08:D1:D0:7B:84,76000,0,1,16,0,196.26140155728137,195.99170795833305,Nada,Nada,0,0,0
100,101,197,196,F0:08:D1:D0:7B:84,76000,0,1,16,0,196.24471635149717,195.94761856607903,Nada,Nada,0,0,0
101,102,196,196,F0:08:D1:D0:7B:84,76000,0,1,16,0,196.23359288097436,195.9267873394636,Nada,Nada,0,0,0
102,103,196,196,F0:08:D1:D0:7B:84,76000,0,1,16,0,196.26908686418804,196.06704419051022,Nada,Nada,0,0,0
103,104,197,196,F0:08:D1:D0:7B:84,76000,0,1,16,0,196.17231267063966,196.1181110324558,Nada,Nada,0,0,0
104,105,196,196,F0:08:D1:D0:7B:84,76000,0,1,16,0,196.0957629689509,196.1620993022505,Nada,Nada,0,0,0
105,106,196,196,F0:08:D1:D0:7B:84,76000,0,1,16,0,196.1762564465523,196.19900899989437,Nada,Nada,0,0,0
106,107,196,196,F0:08:D1:D0:7B:84,76000,0,1,16,0,196.20355951056277,196.22884012538734,Nada,Nada,0,0,0
107,108,196,196,F0:08:D1:D0:7B:84,76000,0,1,16,0,196.2754575791238,196.3493780968708,Nada,Nada,0,0,0
108,109,196,196,F0:08:D1:D0:7B:84,76000,0,1,16,0,196.31085043987818,196.32601880877291,Nada,Nada,0,0,0
109,110,196,198,F0:08:D1:D0:7B:84,76000,0,1,16,0,196.35079381130097,196.35332187278345,Nada,Nada,0,0,0
110,111,196,196,F0:08:D1:D0:7B:84,76000,0,1,16,0,196.37961371220098,196.37455758923605,Nada,Nada,0,0,0
111,112,198,196,F0:08:D1:D0:7B:84,76000,0,1,16,0,196.39731014257816,196.38972595813078,Nada,Nada,0,0,0
112,113,196,196,F0:08:D1:D0:7B:84,77000,0,1,17,0,196.3785013651487,196.35777126099256,Nada,Nada,0,0,0
113,114,196,197,F0:08:D1:D0:7B:84,77000,0,1,17,0,196.41996157346097,196.37546769136975,Nada,Nada,0,0,0
114,115,196,196,F0:08:D1:D0:7B:84,77000,0,1,17,0,196.44928708665742,196.26291839417084,Nada,Nada,0,0,0
115,116,197,198,F0:08:D1:D0:7B:84,77000,0,1,17,0,196.46647790473813,196.31044595004101,Nada,Pico outside_smooth,0,0,0
116,117,196,197,F0:08:D1:D0:7B:84,77000,0,1,17,0,196.52826372736934,200.82293457376423,Nada,Nada,0,0,0
117,118,196,196,F0:08:D1:D0:7B:84,77000,0,1,17,0,196.5378703610027,199.29305288704163,Nada,Nada,0,0,0
118,119,198,196,F0:08:D1:D0:7B:84,77000,0,1,17,0,196.5363535241132,197.7665082414759,Nada,Nada,0,0,0
119,120,198,196,F0:08:D1:D0:7B:84,77000,0,1,17,0,196.58044291636722,196.31469309333153,Nada,Nada,0,0,0
120,121,196,196,F0:08:D1:D0:7B:84,77000,0,1,17,0,196.57336434421632,194.91020325613871,Nada,Nada,0,0,0
121,122,196,196,F0:08:D1:D0:7B:84,77000,0,1,17,0,196.51511780766057,198.38386085549146,Pico inside_smooth,Nada,0,0,0
122,123,196,195,F0:08:D1:D0:7B:84,77000,0,1,17,0,196.42036606329813,200.44716351501208,Nada,Nada,0,0,0
123,124,197,197,F0:08:D1:D0:7B:84,77000,0,1,17,0,196.34381636160938,201.00414602082662,Nada,Nada,0,0,0
124,125,196,196,F0:08:D1:D0:7B:84,77000,0,1,17,0,196.1192233795081,203.63343108503932,Nada,Nada,0,0,0
125,126,196,196,F0:08:D1:D0:7B:84,77000,0,1,17,0,195.96743856810147,202.66538578217757,Nada,Nada,0,0,0
126,127,196,196,F0:08:D1:D0:7B:84,77000,0,1,17,0,195.8823945798317,199.70876731721657,Nada,Nada,0,0,0
127,128,198,197,F0:08:D1:D0:7B:84,77000,0,1,17,0,196.05359490342354,195.30286176559366,Nada,Nada,0,0,0
128,129,196,196,F0:08:D1:D0:7B:84,77000,0,1,17,0,196.1699868540758,189.48538780462704,Nada,Nada,0,0,0
129,130,196,199,F0:08:D1:D0:7B:84,78000,0,1,18,0,203.20699767417875,183.65588027100395,Nada,Nada,0,0,0
130,131,196,196,F0:08:D1:D0:7B:84,78000,0,1,18,0,207.88199008999422,176.21387400141165,Nada,Nada,0,1,1
131,132,196,87,F0:08:D1:D0:7B:84,78000,0,1,18,0,210.3471534027659,167.5120841338823,Nada,Nada,0,1,1
132,133,196,195,F0:08:D1:D0:7B:84,78000,0,1,18,0,211.80847406208431,148.53857821821884,Nada,Nada,0,1,1
133,134,196,197,F0:08:D1:D0:7B:84,78000,0,1,18,0,210.86004651632643,131.87278794619982,Nada,Nada,0,1,1
134,135,196,198,F0:08:D1:D0:7B:84,78000,0,1,18,0,199.5613307715598,118.19911012235546,Nada,Nada,0,1,1
135,136,196,200,F0:08:D1:D0:7B:84,78000,0,1,18,0,189.14773991303034,106.5177469916044,Nada,Nada,0,1,1
136,137,197,85,F0:08:D1:D0:7B:84,78000,0,1,18,0,179.7373849731984,96.71321670542804,Nada,Nada,1,1,1
137,138,198,82,F0:08:D1:D0:7B:84,78000,0,1,18,0,171.19708767316826,88.86560825159063,Nada,Nada,1,1,1
138,139,198,83,F0:08:D1:D0:7B:84,78000,0,1,18,0,163.6195773081164,82.84578824956833,Nada,Nada,1,1,1
139,140,202,0,F0:08:D1:D0:7B:84,78000,32,1,18,0,157.16503185357107,78.7515421175025,Nada,Nada,1,1,1
140,141,202,31,F0:08:D1:D0:7B:84,78000,0,1,18,0,151.42764688036863,76.3639397310125,Nada,Nada,1,1,1
141,142,202,34,F0:08:D1:D0:7B:84,78000,0,1,18,0,146.64202649408094,75.91859642026319,Nada,Vale outside_smooth,1,1,1
142,143,200,31,F0:08:D1:D0:7B:84,78000,0,1,18,0,142.69471129537544,77.17989685508975,Nada,Nada,1,1,1
143,144,200,30,F0:08:D1:D0:7B:84,78000,0,1,18,0,139.65810496510952,80.37273738497133,Nada,Nada,1,1,1
144,145,32,0,F0:08:D1:D0:7B:84,78000,32,1,18,0,137.43543330973495,85.48043280412384,Nada,Nada,1,1,1
145,146,30,0,F0:08:D1:D0:7B:84,78000,32,1,18,0,136.05207806653544,92.60076853068854,Nada,Nada,1,1,1
146,147,29,0,F0:08:D1:D0:7B:84,78000,32,1,18,0,135.5080392355111,101.40236626554524,Vale inside_smooth,Nada,1,1,1
147,148,0,221,F0:08:D1:D0:7B:84,78000,64,1,18,0,135.80331681666186,105.92163009404146,Nada,Nada,1,1,1
148,149,0,219,F0:08:D1:D0:7B:84,79000,64,1,19,0,136.8968550915127,116.59348771361852,Nada,Nada,1,1,1
149,150,201,200,F0:08:D1:D0:7B:84,79000,0,1,19,0,138.88542825361193,129.0142582667581,Nada,Nada,1,1,1
150,151,203,198,F0:08:D1:D0:7B:84,79000,0,1,19,0,141.71230660329334,143.27100819091592,Nada,Nada,1,1,1
151,152,200,198,F0:08:D1:D0:7B:84,79000,0,1,19,0,145.37749014055686,159.51825260389967,Nada,Nada,1,1,1
152,153,201,196,F0:08:D1:D0:7B:84,79000,0,1,19,0,149.85559712811872,170.99949438769957,Nada,Nada,1,1,1
153,154,200,195,F0:08:D1:D0:7B:84,79000,0,1,19,0,155.3568611588598,182.25048033167747,Nada,Nada,1,0,1
154,155,196,195,F0:08:D1:D0:7B:84,79000,0,1,19,0,161.6877338456834,193.27909798765862,Nada,Nada,1,0,1
155,156,198,197,F0:08:D1:D0:7B:84,79000,0,1,19,0,169.17393062998903,199.18040246738343,Nada,Nada,1,0,1
156,157,196,195,F0:08:D1:D0:7B:84,79000,0,1,19,0,177.600566285768,205.06026898573705,Nada,Nada,1,0,1
157,158,196,198,F0:08:D1:D0:7B:84,79000,0,1,19,0,186.97370816057816,209.45474769945926,Nada,Nada,0,0,0
158,159,197,198,F0:08:D1:D0:7B:84,79000,0,1,19,0,197.18596420264487,212.06016786327754,Nada,Nada,0,0,0
159,160,196,196,F0:08:D1:D0:7B:84,79000,0,1,19,0,208.32349074729018,212.7193851754426,Nada,Nada,0,0,0
160,161,196,196,F0:08:D1:D0:7B:84,79000,0,1,19,0,210.85974314894855,209.64475680048056,Nada,Nada,0,0,0
161,162,196,197,F0:08:D1:D0:7B:84,79000,0,1,19,0,211.3306704419003,203.77298007887086,Nada,Nada,0,0,0
162,163,196,196,F0:08:D1:D0:7B:84,79000,0,1,19,0,209.74628374961597,194.96258469005517,Nada,Nada,0,0,0
163,164,197,196,F0:08:D1:D0:7B:84,79000,0,1,19,0,204.3169177874359,195.55263424006023,Nada,Nada,0,0,0
164,165,196,198,F0:08:D1:D0:7B:84,79000,0,1,19,0,195.97825867124638,196.38163616138695,Nada,Nada,0,0,0
165,166,196,198,F0:08:D1:D0:7B:84,80000,0,1,20,0,195.93477601374815,196.47709576296447,Nada,Nada,0,0,0
166,167,196,196,F0:08:D1:D0:7B:84,80000,0,1,20,0,196.0117302052741,196.50965719485845,Nada,Nada,0,0,0
167,168,198,197,F0:08:D1:D0:7B:84,80000,0,1,20,0,196.06067347557442,196.60451006168017,Nada,Nada,0,0,0
168,169,196,196,F0:08:D1:D0:7B:84,80000,0,1,20,0,196.2088178784463,196.55344321973462,Nada,Pico outside_smooth,0,0,0
169,170,197,196,F0:08:D1:D0:7B:84,80000,0,1,20,0,196.36343411871326,196.43856810597183,Nada,Nada,0,0,0
170,171,196,197,F0:08:D1:D0:7B:84,80000,0,1,20,0,196.34270401455714,196.299929214274,Nada,Nada,0,0,0
171,172,196,195,F0:08:D1:D0:7B:84,80000,0,1,20,0,196.4243098392108,196.12680756395545,Pico inside_smooth,Nada,0,0,0
172,173,196,197,F0:08:D1:D0:7B:84,80000,0,1,20,0,196.41470320557744,195.89179896854642,Nada,Nada,0,0,0
173,174,196,196,F0:08:D1:D0:7B:84,80000,0,1,20,0,196.3549398321322,195.9663262210492,Nada,Nada,0,0,0
174,175,196,196,F0:08:D1:D0:7B:84,80000,0,1,20,0,196.35746789361465,196.05905551622567,Nada,Nada,0,0,0
175,176,196,195,F0:08:D1:D0:7B:84,80000,0,1,20,0,196.36555769035854,196.05854990392916,Nada,Nada,0,0,0
176,177,198,196,F0:08:D1:D0:7B:84,80000,0,1,20,0,196.36353524117257,195.9648093841597,Nada,Nada,0,0,0
177,178,197,196,F0:08:D1:D0:7B:84,80000,0,1,20,0,196.35140054605677,196.0281120436804,Nada,Nada,0,0,0
178,179,196,196,F0:08:D1:D0:7B:84,80000,0,1,20,0,196.2880978865361,196.03822428961024,Nada,Nada,0,0,0
179,180,196,196,F0:08:D1:D0:7B:84,80000,0,1,20,0,196.32713115582519,196.03620184042427,Nada,Nada,0,0,0
180,181,196,196,F0:08:D1:D0:7B:84,80000,0,1,20,0,196.3149964607094,196.1355040954551,Nada,Nada,0,0,0
181,182,197,196,F0:08:D1:D0:7B:84,80000,0,1,20,0,196.25169380118874,196.25604206693856,Nada,Nada,0,0,0
182,183,196,195,F0:08:D1:D0:7B:84,81000,0,1,21,0,196.23399737081155,196.286378804728,Nada,Nada,0,0,0
183,184,196,196,F0:08:D1:D0:7B:84,81000,0,1,21,0,196.31863686924416,196.36535544543992,Nada,Nada,0,0,0
184,185,196,196,F0:08:D1:D0:7B:84,81000,0,1,21,0,196.2710081909147,196.39619779552586,Nada,Nada,0,0,0
185,186,196,196,F0:08:D1:D0:7B:84,81000,0,1,21,0,196.32672666598802,196.41996157346097,Nada,Nada,0,0,0
186,187,196,199,F0:08:D1:D0:7B:84,81000,0,1,21,0,196.33228840124943,196.49337647891144,Nada,Nada,0,0,0
187,188,196,199,F0:08:D1:D0:7B:84,81000,0,1,21,0,196.328749115174,196.4629386186627,Nada,Nada,0,0,0
188,189,197,196,F0:08:D1:D0:7B:84,81000,0,1,21,0,196.3161088077617,196.4410961674543,Nada,Nada,0,0,0
189,190,197,196,F0:08:D1:D0:7B:84,81000,0,1,21,0,196.29436747901258,196.48356760035952,Nada,Nada,0,0,0
190,191,196,196,F0:08:D1:D0:7B:84,81000,0,1,21,0,196.26352512892663,196.51794923652093,Nada,Nada,0,0,0
191,192,196,198,F0:08:D1:D0:7B:84,81000,0,1,21,0,196.18252603902874,196.4464556577971,Nada,Nada,0,0,0
192,193,196,196,F0:08:D1:D0:7B:84,81000,0,1,21,0,196.26160380219997,196.4626352512848,Nada,Nada,0,0,0
193,194,197,196,F0:08:D1:D0:7B:84,81000,0,1,21,0,196.30721003134346,196.4687025988427,Nada,Nada,0,0,0
194,195,196,196,F0:08:D1:D0:7B:84,81000,0,1,21,0,196.304681969861,196.4236019819957,Nada,Nada,0,0,0
195,196,196,196,F0:08:D1:D0:7B:84,81000,0,1,21,0,196.29507533622768,196.4241075942922,Nada,Nada,0,0,0
196,197,197,196,F0:08:D1:D0:7B:84,81000,0,1,21,0,196.27839013044346,196.3724340175908,Nada,Nada,0,0,0
197,198,196,196,F0:08:D1:D0:7B:84,81000,0,1,21,0,196.3113560521747,196.36535544543995,Nada,Nada,0,0,0
198,199,196,196,F0:08:D1:D0:7B:84,81000,0,1,21,0,196.29719890787294,196.28941247850696,Nada,Nada,0,0,0
199,200,197,196,F0:08:D1:D0:7B:84,81000,0,1,21,0,196.19486297906315,196.2824350288154,Nada,Nada,0,0,0
200,201,196,196,F0:08:D1:D0:7B:84,82000,0,1,22,0,196.11578521589195,196.16553746586666,Nada,Nada,0,0,0
201,202,196,196,F0:08:D1:D0:7B:84,82000,0,1,22,0,196.05794316917337,196.0101122459253,Nada,Nada,0,0,0
202,203,196,196,F0:08:D1:D0:7B:84,82000,0,1,22,0,196.1014258266716,196.12316715542073,Nada,Nada,0,0,0
203,204,196,198,F0:08:D1:D0:7B:84,82000,0,1,22,0,196.13277378905406,196.23005359489892,Nada,Nada,0,0,0
204,205,196,196,F0:08:D1:D0:7B:84,82000,0,1,22,0,196.208716755987,196.17827889573826,Nada,Nada,0,0,0
205,206,196,196,F0:08:D1:D0:7B:84,82000,0,1,22,0,196.2892102335884,196.26888461926944,Nada,Nada,0,0,0
206,207,197,197,F0:08:D1:D0:7B:84,82000,0,1,22,0,196.31853574678485,196.3326928910866,Nada,Nada,0,0,0
207,208,196,196,F0:08:D1:D0:7B:84,82000,0,1,22,0,196.29669329557643,196.48417433511534,Nada,Nada,0,0,0
208,209,196,196,F0:08:D1:D0:7B:84,82000,0,1,22,0,196.32045707351153,196.5307917888518,Nada,Nada,0,0,0
209,210,196,197,F0:08:D1:D0:7B:84,82000,0,1,22,0,196.3898270805901,196.55566791383916,Nada,Nada,0,0,0
210,211,196,196,F0:08:D1:D0:7B:84,82000,0,1,22,0,196.40802912326376,196.51875821619532,Nada,Nada,0,0,0
211,212,196,197,F0:08:D1:D0:7B:84,82000,0,1,22,0,196.41611892000762,196.4357366771115,Nada,Nada,0,0,0
212,213,196,196,F0:08:D1:D0:7B:84,82000,0,1,22,0,196.47082617048795,196.36232177166096,Nada,Nada,0,0,0
213,214,196,196,F0:08:D1:D0:7B:84,82000,0,1,22,0,196.47537668115638,196.37961371220095,Nada,Nada,0,0,0
214,215,198,195,F0:08:D1:D0:7B:84,82000,0,1,22,0,196.51188188896302,196.37516432399187,Nada,Nada,0,0,0
215,216,198,197,F0:08:D1:D0:7B:84,82000,0,1,22,0,196.54029730002583,196.3499848316266,Nada,Nada,0,0,0
216,217,198,198,F0:08:D1:D0:7B:84,82000,0,1,22,0,196.52057842046267,196.2640307412231,Nada,Nada,0,0,0
217,218,196,196,F0:08:D1:D0:7B:84,83000,0,1,23,0,196.49378096874864,196.21508747092278,Nada,Nada,0,0,0
218,219,196,197,F0:08:D1:D0:7B:84,83000,0,1,23,0,196.45990494488373,196.06532510870215,Nada,Nada,0,0,0
219,220,196,198,F0:08:D1:D0:7B:84,83000,0,1,23,0,196.41895034886798,196.1227626655835,Nada,Nada,0,0,0
220,221,196,195,F0:08:D1:D0:7B:84,83000,0,1,23,0,196.37091718070133,195.9992921427804,Nada,Nada,0,0,0
221,222,196,195,F0:08:D1:D0:7B:84,83000,0,1,23,0,196.27474972190873,195.93052887045764,Nada,Nada,0,0,0
222,223,197,195,F0:08:D1:D0:7B:84,83000,0,1,23,0,196.28395186570486,195.95752856709024,Nada,Nada,0,0,0
223,224,196,195,F0:08:D1:D0:7B:84,83000,0,1,23,0,196.24501971887506,195.8456871271064,Nada,Nada,0,0,0
224,225,196,195,F0:08:D1:D0:7B:84,83000,0,1,23,0,196.19900899989437,195.7074527252458,Nada,Nada,0,0,0
225,226,196,196,F0:08:D1:D0:7B:84,83000,0,1,23,0,196.14591970876282,195.69531803012998,Nada,Nada,0,0,0
226,227,196,197,F0:08:D1:D0:7B:84,83000,0,1,23,0,196.0857518454804,195.69582364242652,Nada,Nada,0,0,0
227,228,196,197,F0:08:D1:D0:7B:84,83000,0,1,23,0,196.01850541004708,195.75002528061034,Nada,Nada,0,0,0
228,229,196,195,F0:08:D1:D0:7B:84,83000,0,1,23,0,195.9031246839878,195.76114875113313,Nada,Nada,0,0,0
229,230,195,195,F0:08:D1:D0:7B:84,83000,0,1,23,0,195.88256143189406,195.76897310142587,Nada,Nada,0,0,0
230,231,196,195,F0:08:D1:D0:7B:84,83000,0,1,23,0,195.87087167559918,195.7843816361614,Nada,Nada,0,0,0
231,232,196,196,F0:08:D1:D0:7B:84,83000,0,1,23,0,195.86805541510773,195.80737435534434,Nada,Nada,0,0,0
232,233,196,195,F0:08:D1:D0:7B:84,83000,0,1,23,0,195.87411265041968,195.83795125897464,Nada,Nada,0,0,0
233,234,196,197,F0:08:D1:D0:7B:84,83000,0,1,23,0,195.88904338153506,195.8761123470523,Nada,Nada,0,0,0
234,235,196,195,F0:08:D1:D0:7B:84,83000,0,1,23,0,195.91284760845386,195.9218576195773,Nada,Nada,0,0,0
235,236,196,197,F0:08:D1:D0:7B:84,84000,0,1,24,0,195.94552533117607,195.9751870765497,Nada,Nada,0,0,0
236,237,197,196,F0:08:D1:D0:7B:84,84000,0,1,24,0,195.9870765497017,196.03610071796945,Nada,Nada,0,0,0
237,238,196,195,F0:08:D1:D0:7B:84,84000,0,1,24,0,196.03750126403074,196.10459854383657,Nada,Nada,0,0,0
238,239,196,197,F0:08:D1:D0:7B:84,84000,0,1,24,0,196.09679947416322,196.18068055415105,Nada,Nada,0,0,0
239,240,196,198,F0:08:D1:D0:7B:84,84000,0,1,24,0,196.1649711800991,196.2643467489129,Nada,Nada,0,0,0
240,241,196,197,F0:08:D1:D0:7B:84,84000,0,1,24,0,196.2420163818384,196.35559712812213,Nada,Nada,0,0,0
241,242,196,196,F0:08:D1:D0:7B:84,84000,0,1,24,0,196.32793507938112,196.4544316917787,Nada,Nada,0,0,0
242,243,196,196,F0:08:D1:D0:7B:84,84000,0,1,24,0,196.42272727272726,196.56085043988264,Nada,Nada,0,0,0
243,244,197,196,F0:08:D1:D0:7B:84,84000,0,1,24,0,196.5263929618768,196.67485337243397,Nada,Nada,0,0,0
